Wall	Wall	Wall	Wall	Wall	Wall	Wall	Wall	Wall	Wall	Wall	Wall	Wall	Wall	Wall	Wall	Wall	Wall	Wall	Wall	Wall	Wall	Wall	Wall	Wall	Wall	Wall	Wall	Wall	Wall	Wall	Wall	Wall	Wall	Wall	Wall	Wall	Wall	Wall	Wall	Wall	Wall	Wall	Wall	Wall	Wall	Wall	Wall	Wall	Wall	Wall	Wall	Wall	Wall	Wall	Wall	Wall	Wall	Wall	Wall	Wall	Wall	Wall	Wall	Wall	Wall	Wall	Wall	Wall	Wall	Wall	Wall	Wall	Wall	Wall	Wall	Wall	Wall	Wall	Wall	Wall	Wall	Wall	Wall	Wall	Wall	Wall	Wall	Wall	Wall	Wall	Wall	Wall	Wall	Wall	Wall	Wall	Wall	Wall	Wall	
Wall																																																																																																			Wall	
Wall																										Water																																			Food																														Food								Wall	
Wall																																								Food																																												Water															Wall	
Wall																																																																																																			Wall	
Wall																																																																																																			Wall	
Wall																																					Food																																																														Wall	
Wall																			Water																											Food																																																					Wall	
Wall																																									Food	Water																																																									Wall	
Wall																																																																																																			Wall	
Wall																																															Water				Food															Water																			Water		Food												Wall	
Wall																																																																																								Water						Food					Wall	
Wall																																																																																																			Wall	
Wall																														Water																																																																					Wall	
Wall																																																																																																			Wall	
Wall																																																									Water																																	Food									Wall	
Wall																																																																																																			Wall	
Wall																																																																																																			Wall	
Wall		Food																										Water																																																					Food																		Wall	
Wall																																																																																																			Wall	
Wall																				Wall	Wall	Wall	Wall	Wall	Wall	Wall	Wall	Wall	Wall	Wall	Wall	Wall	Wall	Wall	Wall	Wall	Wall	Wall	Wall	Wall																					Wall																									Water										Food			Wall	
Wall																				Wall																				Wall																	Food				Wall	Wall																																					Wall	
Wall																				Wall																				Wall																						Wall	Wall																																				Wall	
Wall																				Wall		Water																		Wall																							Wall	Wall																																			Wall	
Wall																				Wall																				Wall																								Wall	Wall													Food																					Wall	
Wall																				Wall																				Wall																									Wall	Wall																																	Wall	
Wall																				Wall																				Wall																										Wall	Wall																		Food														Wall	
Wall																				Wall																				Wall																											Wall	Wall																															Wall	
Wall																				Wall																				Wall																										Food		Wall	Wall																														Wall	
Wall																				Wall																				Wall																													Wall	Wall																													Wall	
Wall																				Wall																				Wall																														Wall	Wall																												Wall	
Wall																				Wall																	Food			Wall																											Water				Wall	Wall															Food												Wall	
Wall												Water								Wall																				Wall																																Wall	Wall																	Water									Wall	
Wall																				Wall																	Food			Wall																																	Wall	Wall																									Wall	
Wall																				Wall																				Wall																																		Wall	Wall																								Wall	
Wall																				Wall																				Wall																																			Wall	Wall																							Wall	
Wall																				Wall																				Wall																																				Wall	Wall	Food																					Wall	
Wall																				Wall																				Wall																											Water										Wall	Wall																					Wall	
Wall																				Wall																				Wall																																						Wall	Wall									Food											Wall	
Wall																Water				Wall																				Wall																															Water								Wall	Wall																			Wall	
Wall																				Wall	Wall	Wall	Wall	Wall	Wall	Wall	Wall	Wall	Wall	Wall	Wall	Wall	Wall	Wall	Wall	Wall	Wall	Wall	Wall	Wall																																								Wall																			Wall	
Wall																																																																																																			Wall	
Wall																																																																																																			Wall	
Wall																																	Food																			Food																																															Wall	
Wall																																																																																																			Wall	
Wall											Food																																																																																								Wall	
Wall																																																																																			Food																Wall	
Wall																								Water									Food														Food																																																				Wall	
Wall																																																																																																			Wall	
Wall																																																																																							Water												Wall	
Wall																																																																																																			Wall	
Wall																									Food															Water																																																											Wall	
Wall																																																									Water																																										Wall	
Wall																							Food																																				Food																																							Water	Wall	
Wall																																																																														Water																					Wall	
Wall			Food																																																																																																Wall	
Wall					Food													Water											Food																			Water																																																			Wall	
Wall															Food																																																																																				Wall	
Wall		Water																										Food																																																																							Wall	
Wall																																									Food						Food																																																				Wall	
Wall																																																												Wall	Wall	Wall	Wall	Wall	Wall	Wall	Wall	Wall	Wall	Wall	Wall	Wall	Wall	Wall	Wall	Wall	Wall	Wall	Wall	Wall																			Wall	
Wall																																																												Wall																				Wall																			Wall	
Wall				Water																																																								Wall					Water															Wall																			Wall	
Wall																																																												Wall																	Food			Wall														Food					Wall	
Wall																																												Water																Wall																				Wall																			Wall	
Wall																																																												Wall																				Wall																			Wall	
Wall																																																												Wall																				Wall															Food				Wall	
Wall																																																												Wall																				Wall																			Wall	
Wall																																											Water																	Wall																				Wall																			Wall	
Wall																																																												Wall																				Wall																			Wall	
Wall																																																												Wall						Water														Wall																			Wall	
Wall																																																												Wall																				Wall																			Wall	
Wall																																																												Wall																				Wall																			Wall	
Wall																																																												Wall																				Wall																			Wall	
Wall																												Food																																Wall																				Wall																			Wall	
Wall																																																				Water								Wall																				Wall																			Wall	
Wall																																																			Water									Wall			Food																	Wall																			Wall	
Wall																															Water																													Wall																				Wall																			Wall	
Wall																																																												Wall																				Wall																			Wall	
Wall																																																												Wall																				Wall	Water																		Wall	
Wall																																																												Wall	Wall	Wall	Wall	Wall	Wall	Wall	Wall	Wall	Wall	Wall	Wall	Wall	Wall	Wall	Wall	Wall	Wall	Wall	Wall	Wall																			Wall	
Wall																			Water																																																																																Wall	
Wall																																																																																											Water								Wall	
Wall					Water															Water																																																																															Wall	
Wall																																																																						Water																													Wall	
Wall										Food																																																																																									Wall	
Wall																																								Water																																																					Water						Wall	
Wall																																																																																	Food																		Wall	
Wall			Water																																																																																				Food												Wall	
Wall																																																														Food																																					Wall	
Wall	Water												Food																																																																																						Wall	
Wall																																																																																																			Wall	
Wall																													Water																		Water																																																				Wall	
Wall																																																																																																			Wall	
Wall																																															Food																								Water																												Wall	
Wall																																																																																																			Wall	
Wall																																																																																																			Wall	
Wall																																																																																				Water															Wall	
Wall					Food																																																																																														Wall	
Wall	Wall	Wall	Wall	Wall	Wall	Wall	Wall	Wall	Wall	Wall	Wall	Wall	Wall	Wall	Wall	Wall	Wall	Wall	Wall	Wall	Wall	Wall	Wall	Wall	Wall	Wall	Wall	Wall	Wall	Wall	Wall	Wall	Wall	Wall	Wall	Wall	Wall	Wall	Wall	Wall	Wall	Wall	Wall	Wall	Wall	Wall	Wall	Wall	Wall	Wall	Wall	Wall	Wall	Wall	Wall	Wall	Wall	Wall	Wall	Wall	Wall	Wall	Wall	Wall	Wall	Wall	Wall	Wall	Wall	Wall	Wall	Wall	Wall	Wall	Wall	Wall	Wall	Wall	Wall	Wall	Wall	Wall	Wall	Wall	Wall	Wall	Wall	Wall	Wall	Wall	Wall	Wall	Wall	Wall	Wall	Wall	Wall	Wall	Wall	
